Var1,Freq
Accuracy,0.9129353233830846
Kappa,0.8557936219169097
AccuracyLower,0.8912782053815962
AccuracyUpper,0.9315015470083736
AccuracyNull,0.5161691542288557
AccuracyPValue,1.288456089226013e-131
McnemarPValue,0.0028653904500066246
