Var1,Freq
Accuracy,0.8355499103407054
Kappa,0.7763796519932539
AccuracyLower,0.8291597707477211
AccuracyUpper,0.8417937974180978
AccuracyNull,0.41056485355648537
AccuracyPValue,0
McnemarPValue,3.2037925503901963e-87
