Var1,Freq
Accuracy,0.6446854663774404
Kappa,0.5374409670885854
AccuracyLower,0.6247557687107824
AccuracyUpper,0.664246720549057
AccuracyNull,0.279826464208243
AccuracyPValue,1.0443705433954073e-289
McnemarPValue,8.451366519780907e-47
